/*
Lesson-4 / Vers.1 (15.08.2020)
========
Практическое задание по теме “CRUD – операции”:
i. Заполнить все таблицы БД vk данными (по 10-100 записей в каждой таблице)
ii. Написать скрипт, возвращающий список имен (только firstname) пользователей без повторений в алфавитном порядке
iii. Написать скрипт, отмечающий несовершеннолетних пользователей как неактивных (поле is_active = false). Предварительно добавить такое поле в таблицу profiles со значением по умолчанию = true (или 1)
iv. Написать скрипт, удаляющий сообщения «из будущего» (дата больше сегодняшней)
v. Написать название темы курсового проекта (в комментарии)
*/

-- DML (data manipulation language) - язык манипулирования данными
-- CRUD (create, read, update, delete, truncate)



-- Задание i. Заполнить все таблицы БД vk данными (по 10-100 записей в каждой таблице):

DROP TABLE IF EXISTS `communities`;
CREATE TABLE `communities` (
  `id` bigint(20) unsigned NOT NULL AUTO_INCREMENT,
  `name` varchar(150) COLLATE utf8_unicode_ci DEFAULT NULL,
  `admin_user_id` bigint(20) unsigned NOT NULL,
  UNIQUE KEY `id` (`id`),
  KEY `communities_name_idx` (`name`),
  KEY `admin_user_id` (`admin_user_id`),
  CONSTRAINT `communities_ibfk_1` FOREIGN KEY (`admin_user_id`) REFERENCES `users` (`id`)
) ENGINE=InnoDB AUTO_INCREMENT=11 DEFAULT CHARSET=utf8 COLLATE=utf8_unicode_ci;

INSERT INTO `communities` VALUES ('1','laborum','1'),
('2','rerum','2'),
('3','aut','3'),
('4','et','4'),
('5','quos','5'),
('6','voluptatum','6'),
('7','itaque','7'),
('8','est','8'),
('9','quos','9'),
('10','Rock','10'), 
('11','Metall','11'),
('12','blabla','12'), 
('13','insta','13'),
('14','fb','14'); 

DROP TABLE IF EXISTS `friend_requests`;
CREATE TABLE `friend_requests` (
  `initiator_user_id` bigint(20) unsigned NOT NULL,
  `target_user_id` bigint(20) unsigned NOT NULL,
  `status` enum('requested','approved','unfriended','declined') COLLATE utf8_unicode_ci DEFAULT NULL,
  `requested_at` datetime DEFAULT current_timestamp(),
  `confirmed_at` datetime DEFAULT NULL ON UPDATE current_timestamp(),
  PRIMARY KEY (`initiator_user_id`,`target_user_id`),
  KEY `target_user_id` (`target_user_id`),
  CONSTRAINT `friend_requests_ibfk_1` FOREIGN KEY (`initiator_user_id`) REFERENCES `users` (`id`),
  CONSTRAINT `friend_requests_ibfk_2` FOREIGN KEY (`target_user_id`) REFERENCES `users` (`id`)
) ENGINE=InnoDB DEFAULT CHARSET=utf8 COLLATE=utf8_unicode_ci;

INSERT INTO `friend_requests` VALUES ('1','1','approved','2020-08-15 03:23:41','2020-08-15 03:23:41'),
('2','2','requested','1976-09-04 15:19:38','2019-05-12 12:05:09'),
('3','3','unfriended','2005-10-31 15:55:58','1989-06-04 03:23:26'),
('4','4','declined','2007-08-19 20:40:24','1973-01-05 20:09:23'),
('5','5','unfriended','1983-11-29 01:10:13','1999-01-18 18:07:50'),
('6','6','declined','2020-07-23 04:03:29','2013-09-03 09:43:57'),
('7','7','unfriended','2000-09-04 18:53:46','1976-12-13 08:42:25'),
('8','8','requested','1994-01-03 22:53:33','2012-11-20 11:19:18'),
('9','9','approved','1970-02-02 15:04:53','1997-09-13 09:18:20'),
('10','10','approved','1993-04-23 15:58:22','1985-01-13 18:08:32'),
('11','11','declined','1994-02-12 16:41:35','1994-04-07 22:49:00'),
('12','12','requested','1975-05-04 20:01:54','1975-07-13 11:41:30'),
('13','13','approved','1975-04-16 15:32:33','2013-11-16 21:47:52'),
('14','14','declined','1997-03-11 02:08:55','1998-01-27 23:21:40'),
('15','15','declined','2012-03-31 17:48:19','2011-06-21 13:11:22'),
('16','16','approved','1985-04-04 20:59:56','1999-11-24 13:36:54'),
('17','17','declined','1993-02-01 09:51:00','1979-09-16 13:14:21'),
('18','18','approved','1977-09-05 07:50:10','2015-07-29 12:47:47'),
('19','19','requested','2016-07-23 06:09:17','2008-07-26 18:04:51'),
('20','20','unfriended','1983-08-04 00:57:34','2017-09-25 14:03:03'),
('21','21','declined','2019-05-24 01:58:26','2012-10-28 08:44:49'),
('22','22','declined','2005-10-28 13:23:25','2000-11-25 05:38:43'),
('23','23','declined','1995-01-21 05:09:50','1997-06-27 13:20:26'),
('24','24','requested','1983-05-25 13:06:48','2010-11-26 12:10:29'),
('25','25','requested','2018-07-14 15:05:53','1985-01-27 07:54:04'),
('26','26','declined','1990-10-03 04:42:19','1970-05-16 12:07:38'),
('27','27','unfriended','1991-12-30 02:17:11','1988-09-12 03:32:02'),
('28','28','approved','2004-02-13 19:35:45','2015-01-29 14:44:27'),
('29','29','declined','1972-05-20 07:12:59','1971-01-15 03:48:15'),
('30','30','approved','2004-06-17 16:16:51','2012-12-03 01:10:01'),
('31','31','declined','1994-07-09 16:29:59','1991-06-20 23:24:04'),
('32','32','unfriended','2002-08-26 02:21:05','1991-10-14 00:58:31'),
('33','33','approved','2009-07-02 14:11:58','2000-09-30 12:38:03'),
('34','34','unfriended','1982-01-13 15:39:40','2008-06-28 13:12:43'),
('35','35','requested','2015-04-17 10:38:21','1996-04-01 05:42:13'),
('36','36','declined','1984-07-07 06:40:16','2005-10-23 14:52:44'),
('37','37','unfriended','2006-12-16 16:28:29','1986-04-21 08:13:38'),
('38','38','approved','2019-08-29 07:21:37','1991-07-25 01:00:24'),
('39','39','requested','2004-05-18 18:12:49','2002-12-29 17:28:14'),
('40','40','declined','2017-07-14 17:46:22','1980-01-24 19:53:38');


DROP TABLE IF EXISTS `likes`;
CREATE TABLE `likes` (
  `id` bigint(20) unsigned NOT NULL AUTO_INCREMENT,
  `user_id` bigint(20) unsigned NOT NULL,
  `media_id` bigint(20) unsigned NOT NULL,
  `created_at` datetime DEFAULT current_timestamp(),
  UNIQUE KEY `id` (`id`)
) ENGINE=InnoDB AUTO_INCREMENT=101 DEFAULT CHARSET=utf8 COLLATE=utf8_unicode_ci;

INSERT INTO `likes` VALUES ('1','1','1','1984-10-14 11:26:45'),
('2','2','2','1983-06-28 09:08:22'),
('3','3','3','1976-01-25 12:42:10'),
('4','4','4','1997-10-01 11:36:51'),
('5','5','5','1992-03-08 13:22:48'),
('6','6','6','1985-09-07 05:58:10'),
('7','7','7','1977-07-25 11:21:20'),
('8','8','8','2000-12-25 02:09:59'),
('9','9','9','1994-12-21 11:46:49'),
('10','10','10','1987-07-20 05:15:22'),
('11','11','11','1996-04-30 13:38:54'),
('12','12','12','2013-05-08 23:23:35'),
('13','13','13','1972-04-29 03:50:50'),
('14','14','14','1977-03-06 16:02:14'),
('15','15','15','2001-04-10 10:55:45'),
('16','16','16','2010-03-02 14:24:16'),
('17','17','17','2003-10-08 11:23:15'),
('18','18','18','1973-08-06 16:43:39'),
('19','19','19','1990-08-18 13:48:00'),
('20','20','20','2002-05-23 05:17:29'),
('21','21','21','2006-05-26 15:19:46'),
('22','22','22','2012-05-11 19:35:56'),
('23','23','23','1997-10-29 17:29:50'),
('24','24','24','1989-12-02 03:29:21'),
('25','25','25','2010-08-26 09:48:45'),
('26','26','26','1975-01-12 06:29:09'),
('27','27','27','2014-04-25 21:08:11'),
('28','28','28','2011-02-06 16:54:42'),
('29','29','29','1998-07-11 10:16:52'),
('30','30','30','1970-01-29 23:22:07'),
('31','31','31','2004-09-27 06:57:15'),
('32','32','32','2013-05-19 03:00:19'),
('33','33','33','1987-09-12 13:28:38'),
('34','34','34','1975-08-13 14:48:59'),
('35','35','35','1992-09-22 11:17:44'),
('36','36','36','1977-11-09 14:57:15'),
('37','37','37','1976-07-25 20:44:47'),
('38','38','38','1992-02-02 10:42:06'),
('39','39','39','1976-07-22 18:20:30'),
('40','40','40','2006-05-05 20:10:20'),
('41','41','41','2017-03-16 16:18:53'),
('42','42','42','1997-08-13 08:12:01'),
('43','43','43','1995-03-13 22:07:31'),
('44','44','44','2012-12-16 15:48:26'),
('45','45','45','1998-02-28 03:56:47'),
('46','46','46','1977-09-03 22:36:09'),
('47','47','47','1995-09-25 06:51:07'),
('48','48','48','1976-06-08 15:58:45'),
('49','49','49','1986-05-06 11:39:41'),
('50','50','50','1994-08-05 20:31:40'),
('51','51','51','1975-07-17 15:09:41'),
('52','52','52','1980-06-09 12:30:06'),
('53','53','53','1975-08-08 01:40:38'),
('54','54','54','2010-06-05 18:21:16'),
('55','55','55','1972-06-20 17:56:01'),
('56','56','56','2011-05-17 12:03:58'),
('57','57','57','1986-06-12 10:48:40'),
('58','58','58','1971-10-01 03:58:24'),
('59','59','59','2019-10-07 04:38:36'),
('60','60','60','1986-04-28 07:23:25'),
('61','61','61','1989-03-06 11:21:13'),
('62','62','62','1997-03-02 01:54:36'),
('63','63','63','1976-06-24 14:54:23'),
('64','64','64','1981-05-09 18:41:00'),
('65','65','65','1977-09-14 01:03:10'),
('66','66','66','1999-08-12 04:02:47'),
('67','67','67','1975-03-16 15:50:21'),
('68','68','68','2001-11-15 20:22:37'),
('69','69','69','1982-05-26 16:38:14'),
('70','70','70','2001-05-13 01:26:57'),
('71','71','71','1975-06-05 08:09:55'),
('72','72','72','1979-07-28 15:43:38'),
('73','73','73','1984-02-11 16:29:41'),
('74','74','74','1997-12-30 07:23:00'),
('75','75','75','1991-11-01 19:01:09'),
('76','76','76','2019-03-25 06:52:00'),
('77','77','77','1993-08-31 07:18:37'),
('78','78','78','1992-02-13 13:20:18'),
('79','79','79','1982-11-27 08:17:49'),
('80','80','80','1995-05-16 16:38:31'),
('81','81','81','1972-06-02 01:53:08'),
('82','82','82','1982-05-12 16:05:42'),
('83','83','83','1971-12-13 18:54:54'),
('84','84','84','1991-08-15 18:51:22'),
('85','85','85','1975-03-14 11:26:04'),
('86','86','86','1970-05-25 15:22:36'),
('87','87','87','1975-11-08 17:30:30'),
('88','88','88','1978-11-28 19:15:18'),
('89','89','89','1981-07-05 20:48:41'),
('90','90','90','1972-09-24 12:28:16'),
('91','91','91','1982-11-22 07:02:58'),
('92','92','92','2014-07-26 09:38:17'),
('93','93','93','1997-10-13 21:36:26'),
('94','94','94','2018-02-18 06:07:58'),
('95','95','95','2015-03-30 00:29:33'),
('96','96','96','2000-02-10 13:31:27'),
('97','97','97','2013-11-19 05:07:15'),
('98','98','98','1989-07-04 10:02:22'),
('99','99','99','1979-02-16 22:24:10'),
('100','100','100','1995-07-02 11:21:37'), 
('101','101','101','2020-08-15 07:21:38'),
('102','102','102','2020-08-15 08:21:39'),
('103','103','103','2020-08-15 09:21:39'); 

DROP TABLE IF EXISTS `media`;
CREATE TABLE `media` (
  `id` bigint(20) unsigned NOT NULL AUTO_INCREMENT,
  `media_type_id` bigint(20) unsigned NOT NULL,
  `user_id` bigint(20) unsigned NOT NULL,
  `body` text COLLATE utf8_unicode_ci DEFAULT NULL,
  `filename` varchar(255) COLLATE utf8_unicode_ci DEFAULT NULL,
  `size` int(11) DEFAULT NULL,
  `metadata` longtext CHARACTER SET utf8mb4 COLLATE utf8mb4_bin DEFAULT NULL CHECK (json_valid(`metadata`)),
  `created_at` datetime DEFAULT current_timestamp(),
  `updated_at` datetime DEFAULT NULL ON UPDATE current_timestamp(),
  UNIQUE KEY `id` (`id`),
  KEY `user_id` (`user_id`),
  KEY `media_type_id` (`media_type_id`),
  CONSTRAINT `media_ibfk_1` FOREIGN KEY (`user_id`) REFERENCES `users` (`id`),
  CONSTRAINT `media_ibfk_2` FOREIGN KEY (`media_type_id`) REFERENCES `media_types` (`id`)
) ENGINE=InnoDB AUTO_INCREMENT=101 DEFAULT CHARSET=utf8 COLLATE=utf8_unicode_ci;

INSERT INTO `media` VALUES ('1','1','1','Voluptas est ut eum voluptas tempore quis enim ut. Omnis et voluptates assumenda sint rem. Tempore a consectetur ipsum et ducimus cumque illum.','veniam','24715046',NULL,'2017-02-15 21:29:36','1980-12-10 20:14:40'),
('2','2','2','Nostrum dicta praesentium ipsa ut fuga. Nesciunt eum rerum ipsum porro ea fugiat. Dignissimos delectus harum dolores. Dignissimos sed non aut fuga recusandae.','a','0',NULL,'1981-06-03 11:52:28','2009-12-07 20:09:55'),
('3','3','3','Sapiente ea non et distinctio enim qui. Beatae vitae animi blanditiis accusamus. Ex molestias neque vel eaque nulla et.','minima','1438',NULL,'2007-12-13 03:31:45','2003-02-17 16:34:48'),
('4','4','4','Quae qui esse quis quibusdam. Maxime nisi quasi laudantium nesciunt. Esse nobis et laborum voluptas eos sequi. Placeat tenetur rerum est.','nihil','7',NULL,'1988-12-03 22:33:21','2010-05-08 17:56:01'),
('5','1','5','Fuga facilis ipsam quis exercitationem consequatur sequi quia. Qui adipisci non quaerat quo. Quibusdam consectetur odio et sit est perspiciatis.','quis','9144365',NULL,'2015-09-13 10:46:59','2010-09-03 07:20:38'),
('6','2','6','Enim ullam laboriosam quis architecto similique ut accusamus. Ex suscipit corporis repellat. Nulla dolores nesciunt saepe eligendi. Voluptatem maiores occaecati pariatur et quam laboriosam.','beatae','313679',NULL,'1976-10-07 03:33:23','1989-07-22 18:56:41'),
('7','3','7','Ab possimus blanditiis iure in. Repellat dolore deserunt sed hic similique perspiciatis aut. Id ut commodi quam dolores et. Quibusdam id vel dolorem fugit tenetur nobis id quaerat.','debitis','0',NULL,'2011-05-08 00:40:25','2002-09-21 01:55:15'),
('8','4','8','Optio ut ipsum adipisci. Maxime iste qui ipsum corrupti debitis mollitia. Corporis odio ea et veritatis laborum nam ea.','assumenda','148',NULL,'1975-11-18 01:45:49','1987-10-15 11:53:38'),
('9','1','9','Non non sit nobis aut cupiditate. Libero voluptas sunt excepturi vel. Voluptas amet esse doloribus voluptatem.','hic','795671',NULL,'1986-11-20 14:41:42','1981-07-31 02:00:10'),
('10','2','10','Quasi dolorem itaque consequatur ut consequatur aliquid iusto incidunt. Provident nemo quibusdam totam fugit temporibus facere.','unde','5',NULL,'1980-02-01 03:41:34','2004-01-19 00:40:00'),
('11','3','11','Qui dolorem ipsa eum aspernatur totam rem nihil. In omnis in qui perspiciatis rerum expedita rerum harum. Iusto ea quae facere ad dolores. In autem esse consequuntur provident sint ipsum.','blanditiis','1776',NULL,'1973-07-27 00:36:05','2016-03-07 17:52:00'),
('12','4','12','Necessitatibus velit sit autem aut adipisci dolorem quam. Recusandae sint ducimus voluptas voluptates autem. Eos voluptas ea et ratione. Totam alias assumenda quasi minus assumenda est facilis omnis. Optio voluptatum quos iste iusto et enim.','laudantium','600321',NULL,'1987-10-17 07:18:08','2003-03-11 22:22:18'),
('13','1','13','Qui et ut earum dignissimos. Placeat aliquid dolor voluptas praesentium iste ullam. Est eum tenetur eos in non unde.','hic','85056',NULL,'1992-06-08 13:08:08','2003-08-24 16:34:56'),
('14','2','14','Sed error quia ratione voluptas velit necessitatibus enim. Cum corrupti amet aspernatur quasi eum quasi. Distinctio quo nostrum est vel iusto.','dolores','1282905',NULL,'1996-04-17 21:55:09','2001-01-14 17:50:36'),
('15','3','15','Aut ut iure ratione ducimus fugit provident adipisci. Inventore maiores facere quia libero et debitis facilis. Minus distinctio enim non magni officiis voluptatem debitis.','voluptates','59278',NULL,'1977-05-21 16:19:48','1998-07-30 15:16:13'),
('16','4','16','Aliquam nostrum ut ipsa laboriosam. Minima harum dolores mollitia aut nam soluta.','non','30978168',NULL,'2001-07-10 20:33:03','1984-11-08 03:32:44'),
('17','1','17','Quo dolores quaerat ut reprehenderit distinctio. Quos repudiandae occaecati distinctio illum natus dolore dolorem.','aliquid','93',NULL,'2003-09-14 10:15:54','1980-12-01 05:52:47'),
('18','2','18','Totam omnis voluptatem at voluptas assumenda atque ipsam. In dolores occaecati exercitationem deleniti iure.','illo','7',NULL,'2019-03-02 12:39:56','1996-06-20 06:38:19'),
('19','3','19','Tempora odio eaque corporis nemo nihil ut nesciunt enim. Voluptas iusto quo voluptate rerum quis maiores. Ut minima nobis numquam animi.','voluptatum','734298',NULL,'2019-08-30 16:35:40','2009-04-11 05:02:09'),
('20','4','20','Necessitatibus excepturi molestias iste atque fuga. Dolores quos voluptas et ab. Ullam quis eum quo consequatur dolorem aut. Error optio quaerat aliquid aliquam iusto.','quo','94207',NULL,'1997-11-03 01:57:00','1986-02-18 11:12:50'),
('21','1','21','Iste non nobis maiores iusto earum blanditiis. Vitae dolores aliquam fuga omnis cupiditate voluptatem. Tempore facere praesentium ex. Eum enim nihil adipisci iusto sint enim sed ducimus.','quos','0',NULL,'1995-06-07 06:10:00','1970-01-15 15:04:44'),
('22','2','22','Iste beatae vel temporibus commodi. Excepturi sunt vel deleniti qui. Tempora error et et laboriosam omnis est. Ea veritatis quibusdam neque ut a aspernatur.','incidunt','82228543',NULL,'1990-08-19 11:34:50','1975-12-11 16:51:03'),
('23','3','23','Libero voluptatum omnis ullam quia. Sequi ea facere totam labore ut reprehenderit nulla. Rerum eos rerum mollitia quia exercitationem tempore repellendus.','eum','18',NULL,'1995-02-18 04:01:01','1997-02-06 19:18:01'),
('24','4','24','Ut facilis magni laboriosam est. Totam quasi fugiat recusandae eligendi eos rerum. Dolorem laudantium autem voluptatem est est incidunt. Dolorem quisquam harum odit ab et autem maiores.','cumque','9',NULL,'1974-07-02 12:46:11','1985-06-20 17:33:14'),
('25','1','25','Eligendi rem qui expedita est facilis perspiciatis nulla. Libero quam aut aliquam dolor minus. Modi culpa qui quidem quo. Dicta quis dolorem est ullam nesciunt accusantium aut iste.','molestiae','12',NULL,'2005-11-10 16:55:43','2002-11-17 08:07:01'),
('26','2','26','Similique velit eum quia nam. Vitae expedita consequuntur commodi sit. Aut quod qui repudiandae.','impedit','247112544',NULL,'2017-05-31 02:09:30','1977-06-21 22:33:59'),
('27','3','27','Consequatur incidunt magni culpa commodi et. Quia eius ad exercitationem dignissimos accusamus. Et et numquam illum facere harum.','et','59586678',NULL,'1979-06-23 05:48:55','2012-11-18 09:49:43'),
('28','4','28','In alias id aut et perspiciatis et. Voluptatibus sed enim voluptatem accusantium eos velit sapiente. Nesciunt totam corporis harum quis ut recusandae neque sit.','minus','98787',NULL,'1989-02-19 20:57:39','1982-07-31 01:59:29'),
('29','1','29','Tempora ab eos occaecati. Est aspernatur dolorem nostrum nisi. Sed voluptatum sequi expedita sed. Velit non totam voluptas iure aliquam id.','quo','3218',NULL,'1989-11-03 17:58:31','2019-04-10 04:02:51'),
('30','2','30','Magnam nemo libero repellendus officiis et et quaerat cumque. Praesentium eius ut autem excepturi facilis dolorem. Velit est voluptas quia. Incidunt natus vero exercitationem voluptatibus.','libero','71',NULL,'2014-02-14 20:27:54','1999-01-29 04:48:27'),
('31','3','31','Officiis qui sit laudantium incidunt. Non omnis alias enim necessitatibus. Doloribus in voluptatem odit magni quia. Et vel perferendis dolores sit dolorem corporis et.','placeat','13106',NULL,'2012-05-11 09:09:04','2016-08-07 04:19:52'),
('32','4','32','Laboriosam saepe itaque excepturi est cupiditate. Delectus quasi autem atque facere voluptas voluptatem. Sit commodi ab unde iste explicabo.','qui','378348',NULL,'1977-06-02 19:22:55','2000-08-24 04:40:15'),
('33','1','33','Quod rerum non delectus nihil vero. Omnis cupiditate nisi labore voluptatem natus consequatur.','incidunt','27939',NULL,'2017-09-11 08:24:18','1992-02-06 15:09:21'),
('34','2','34','Placeat veniam maiores quisquam ut temporibus non. Qui nemo sapiente quibusdam vero voluptatem optio. Magni eum voluptatem nobis nulla tempora. Harum eaque commodi asperiores.','commodi','49899121',NULL,'1995-04-18 19:06:59','2005-06-19 17:56:27'),
('35','3','35','Quo perferendis eos non quos. Aut architecto illum tempore maiores.','fugit','1',NULL,'1976-08-17 08:08:55','1970-10-06 19:38:09'),
('36','4','36','Commodi adipisci sint qui consequuntur. Tenetur reprehenderit repellendus illo pariatur eius doloribus hic. Aut omnis est aut deserunt magnam debitis perspiciatis. Ut unde vero aut inventore reiciendis autem.','quia','59',NULL,'2015-04-22 16:00:10','1980-05-27 15:46:15'),
('37','1','37','Sed et tempore itaque. Tenetur quo distinctio consequatur rerum et velit pariatur. Maxime reiciendis et commodi. Veniam numquam error vero velit animi.','id','0',NULL,'2011-08-28 18:26:32','2016-09-30 10:36:47'),
('38','2','38','Beatae et ea at et. Explicabo qui quos dolores deleniti neque.','impedit','97595867',NULL,'1973-06-18 05:57:03','2019-05-18 13:22:53'),
('39','3','39','Id et dolores porro autem. Dolorum suscipit ut blanditiis alias facilis eos. Praesentium ducimus exercitationem excepturi. Commodi enim blanditiis veniam totam qui dignissimos.','quos','648233879',NULL,'1981-10-24 23:20:12','1985-08-12 15:44:04'),
('40','4','40','At nihil ut expedita dolore impedit. Quia fugiat beatae cumque praesentium omnis voluptates hic. Non facere sunt ipsam quasi dolores repellendus voluptatem. Soluta hic rerum nobis.','beatae','86806',NULL,'2001-02-17 21:40:26','1983-10-20 21:04:59'),
('41','1','41','Quis perspiciatis assumenda eaque adipisci ullam. Illum harum beatae qui quisquam sed tempora. Illum aut aspernatur consectetur officiis vitae. Vel autem et quo repudiandae.','perferendis','77965907',NULL,'1981-07-04 09:29:01','1994-11-16 03:22:49'),
('42','2','42','Modi eum ratione et quasi. Eos est doloremque officia nihil. Voluptates quis aut aliquam vitae vel.','nemo','3',NULL,'1993-12-16 18:31:58','1974-01-18 04:08:35'),
('43','3','43','Ex minus aut modi qui atque et voluptas. Libero maxime nobis culpa molestiae quaerat explicabo non. Omnis facere est quo. Ipsam dicta tempore quis commodi quis esse commodi.','at','6',NULL,'2008-12-03 17:46:07','1976-09-18 08:32:16'),
('44','4','44','Est molestiae asperiores quod voluptas in error. Enim omnis perspiciatis cupiditate iusto sunt necessitatibus. Qui ratione deleniti voluptas molestiae corrupti expedita ut. Exercitationem non qui ut.','facere','68014',NULL,'2004-10-27 16:28:24','2006-10-07 19:50:59'),
('45','1','45','Voluptas nihil dolorem illo quis nihil. Optio aut nihil non qui cupiditate placeat sapiente. In aut delectus consequatur sapiente ullam quia harum. Ut sed tempora dolore alias nulla harum distinctio.','voluptatibus','45250',NULL,'2010-12-31 21:55:54','1983-07-22 12:06:12'),
('46','2','46','Error animi nesciunt voluptatibus nisi beatae nulla. Inventore ducimus magnam enim adipisci. Enim soluta aut in nihil voluptate blanditiis ex. Fugiat eos est saepe qui ut.','non','2431667',NULL,'1980-10-09 23:30:26','1973-02-05 15:31:17'),
('47','3','47','Accusamus quo molestias nisi facilis. Dolorem aut vel distinctio ipsam doloremque culpa. Adipisci reiciendis ipsam ducimus cumque modi debitis et sed. Voluptates veritatis similique ut alias excepturi facere eaque neque.','quo','53',NULL,'2000-04-18 21:18:13','2016-08-20 23:33:29'),
('48','4','48','Et vero tempora atque praesentium vel. Delectus quo eligendi quas voluptatem quibusdam a. Necessitatibus fugit repellat illum autem. Aut voluptas dolor quasi ut.','odio','44234956',NULL,'1974-05-28 10:24:42','2000-01-25 12:05:43'),
('49','1','49','Quos laudantium in qui aut laudantium ipsam. Odit aut voluptas omnis vitae et. Non quia totam ipsa.','quas','514458',NULL,'2014-06-23 13:22:22','2014-05-04 21:59:18'),
('50','2','50','Placeat sint sint non et omnis vel. Sed facere possimus doloribus qui doloremque. Dolores dolorem temporibus repudiandae et neque.','tempore','8918',NULL,'2002-05-03 03:44:07','2000-07-22 01:34:07'),
('51','3','51','Officiis ut qui est consequatur asperiores. Commodi ratione tenetur voluptatibus natus. Quia dicta rem quasi ut ea et debitis id. Eum illo maiores debitis commodi. Doloremque autem voluptatem ea beatae.','ea','854',NULL,'2018-01-17 13:02:15','1984-10-10 03:30:38'),
('52','4','52','Quis explicabo voluptatem odit quasi sed cupiditate ut. Doloribus illo beatae fugit iusto dolor vitae. Non animi eos ad voluptatem minima rerum similique consequatur. Harum sint quae est est provident nihil.','architecto','3',NULL,'2011-07-26 04:11:16','1976-07-17 09:38:16'),
('53','1','53','Nostrum quia fuga nobis a sit quis. Consequatur repellendus sit recusandae dolorem sit. Illo culpa aspernatur nihil voluptates magnam ea natus.','voluptatem','6',NULL,'1999-06-13 16:59:46','1998-12-30 15:46:55'),
('54','2','54','Ipsum quod minus sunt exercitationem enim sint. Numquam sint aut enim deleniti qui. Nihil molestiae dolore ratione at.','minima','688854',NULL,'1986-11-12 22:32:42','1996-11-24 23:48:32'),
('55','3','55','Consequuntur enim veniam est accusantium maxime. Qui et voluptatem odio. Eum dolorem excepturi voluptates molestiae repellat dolorum error voluptatem.','unde','8148',NULL,'1994-07-17 11:19:33','2004-06-15 16:49:30'),
('56','4','56','Omnis dolorem aperiam recusandae officia eaque asperiores ut. Et optio nam delectus officia recusandae et eligendi voluptas. Vel quos cumque veritatis quia. Nihil deleniti consectetur soluta rerum.','voluptatem','8338127',NULL,'1985-12-13 04:35:35','2018-07-10 14:07:12'),
('57','1','57','Reprehenderit incidunt maiores consequuntur et. Harum dolores quas recusandae tempore eligendi ab. Illum nihil et est repellat nesciunt fugit illo voluptates. Animi ipsum incidunt laboriosam temporibus maiores esse et quis.','velit','905736',NULL,'1974-11-19 03:00:29','2012-02-22 00:26:33'),
('58','2','58','Sit consequatur assumenda aut et qui eveniet. Quis veniam adipisci doloremque rerum.','alias','2480239',NULL,'1993-02-06 10:27:11','1975-04-18 01:17:37'),
('59','3','59','Reprehenderit molestiae aut porro praesentium molestiae illo repellendus. Assumenda ab quis odio itaque.','dolores','0',NULL,'1999-10-25 11:21:12','2009-10-15 10:52:47'),
('60','4','60','Et dolorum qui sequi. In alias aliquid consequuntur optio nulla. Omnis a laudantium est qui est.','eos','600196',NULL,'2001-07-27 08:07:31','2017-05-13 15:59:33'),
('61','1','61','Enim et est dolorem enim delectus in asperiores. Ut vel incidunt et aut. Accusamus quas quia soluta incidunt sit laboriosam eligendi. Aut voluptatem quo consequuntur eaque.','nulla','9041061',NULL,'1983-03-26 14:40:18','2000-10-28 08:30:33'),
('62','2','62','Suscipit nesciunt et nemo eos. Dolores qui repellendus architecto ullam nam ex blanditiis quo. Nam ducimus et eum ullam inventore voluptas.','non','62',NULL,'1984-04-06 23:30:07','2000-02-15 04:45:45'),
('63','3','63','Tempore necessitatibus adipisci eius qui. Omnis tenetur iure quo rerum.','velit','507446709',NULL,'1972-06-04 04:24:59','1988-09-10 13:02:09'),
('64','4','64','Quia nam quo quas non animi. Quas nulla magnam dolor rerum aliquam aliquam consequatur. Perferendis incidunt sapiente sit quasi. Temporibus inventore asperiores eos aut.','quasi','7122517',NULL,'1971-06-21 12:18:45','2003-03-14 23:16:27'),
('65','1','65','Eligendi officiis quidem maiores ea. Quia inventore vel nihil ipsum explicabo illo. Molestiae aut praesentium eius dolores sunt. Consectetur autem aliquid qui quis neque. Adipisci accusamus ea quia ex necessitatibus consectetur.','placeat','33653',NULL,'2010-11-17 19:04:46','1992-09-20 12:14:49'),
('66','2','66','Commodi est quia voluptatem deserunt in. Est iste consequatur nihil dicta beatae commodi. Voluptatem qui inventore repudiandae esse.','quas','50313515',NULL,'2009-08-01 16:46:27','2018-09-28 21:03:42'),
('67','3','67','Quia quis consequatur dolores iste sunt iusto. Accusantium temporibus alias veritatis et commodi earum. Iure dolor quaerat explicabo et ut ea delectus.','pariatur','71857789',NULL,'1972-08-01 05:43:20','1981-01-14 02:54:30'),
('68','4','68','Vel magnam recusandae qui tenetur ex provident. Reprehenderit non molestiae sed sapiente. Et consectetur quam minima quibusdam quos quo.','quasi','0',NULL,'1970-06-04 09:00:49','1997-03-30 15:45:33'),
('69','1','69','Minima quia velit eveniet vitae ipsa necessitatibus inventore. Corrupti perferendis possimus dignissimos aut. Blanditiis odit debitis dolorum nesciunt non.','repellendus','9982',NULL,'2017-02-07 10:09:19','1992-05-10 19:11:10'),
('70','2','70','Rerum laudantium est quam minima iste. Tempora sed hic veniam sit iusto quia maxime doloremque. Dolorem vel modi laborum qui facere. Placeat necessitatibus ullam doloribus est et in quia.','quis','56500948',NULL,'2014-11-20 07:40:23','1999-11-11 23:05:09'),
('71','3','71','Qui nulla dolorem error. Corrupti natus dicta repellendus aut ducimus libero beatae distinctio. Asperiores mollitia fuga quia ut rerum exercitationem quo. Ab quaerat est corporis voluptates asperiores. Aut enim omnis quia molestiae neque laudantium maxime.','beatae','93',NULL,'2012-11-26 08:46:55','2003-03-04 19:44:22'),
('72','4','72','Magnam aperiam molestias quaerat dolor aliquam est magnam. Accusantium non id enim voluptates itaque atque dicta. Aliquam non illum nobis unde odio vitae quo unde. Rem vitae similique non.','alias','72',NULL,'1995-04-30 13:58:41','1979-03-30 14:40:16'),
('73','1','73','Eum quidem eum totam. Distinctio ut et quia ea vel. Distinctio ducimus et quis incidunt unde voluptates. Accusantium odio ut asperiores in sed soluta cum.','voluptatem','0',NULL,'2003-11-20 22:27:17','2004-11-09 19:39:27'),
('74','2','74','Beatae laudantium harum perspiciatis repudiandae repellendus voluptate. Exercitationem eligendi sequi assumenda odio ut. Officiis recusandae et et quaerat qui. Cumque tempora quidem quis necessitatibus.','molestias','68952702',NULL,'2002-07-27 07:20:03','2002-08-15 00:53:10'),
('75','3','75','Sapiente inventore sequi reiciendis praesentium nihil molestiae. Eius esse non et assumenda. Sit repellendus quia repellendus voluptatem fuga reprehenderit. Aperiam minus et ut vel.','aut','335761772',NULL,'2015-02-07 16:43:15','1974-09-13 03:31:29'),
('76','4','76','Quam eum delectus ducimus nisi vitae non. Saepe consectetur qui et doloribus et sit optio. Labore ad id tempora aliquam.','ipsum','7514',NULL,'1975-01-14 04:22:44','1985-12-26 08:01:58'),
('77','1','77','Aspernatur est non autem. Qui porro unde culpa voluptatem maxime non mollitia optio. Odio soluta ut occaecati consequatur reiciendis aut nobis. Quia praesentium blanditiis atque aut et.','perferendis','0',NULL,'2012-08-29 15:51:21','1990-12-09 05:25:27'),
('78','2','78','Sed nemo possimus qui unde. Exercitationem quos et porro mollitia reprehenderit. Atque ipsa sed explicabo ipsa est incidunt.','error','31689990',NULL,'1981-07-27 05:39:05','1989-05-13 15:10:53'),
('79','3','79','Necessitatibus officiis iure error ab voluptatum alias aspernatur. Velit accusamus earum aut et voluptatem doloremque.','ut','5360268',NULL,'2016-04-07 20:39:00','1988-09-09 04:09:42'),
('80','4','80','Ea repellat blanditiis sapiente ad vel iure. Eum architecto voluptas est magni provident iste quas maxime. Cum dolor at sed qui. Voluptatibus numquam ut aliquid sunt voluptatum modi.','facere','3436',NULL,'2011-05-02 04:07:56','1999-07-13 11:19:35'),
('81','1','81','Dolor accusamus debitis voluptas sed praesentium consectetur. Doloribus velit aspernatur et sapiente modi ipsam. Deleniti molestiae enim sint molestiae voluptatem. Possimus reiciendis itaque voluptate expedita sequi odio ut eum. Numquam et assumenda sed distinctio.','quas','3642',NULL,'1994-12-07 18:14:12','2010-09-18 10:19:35'),
('82','2','82','Odio consequuntur itaque qui esse assumenda deleniti. Deserunt veniam velit et voluptas. Suscipit et iure quia id rerum eum.','doloremque','719783755',NULL,'1981-06-08 12:38:43','2014-04-17 16:46:06'),
('83','3','83','Doloribus velit sint provident nisi. Voluptas id ipsum sunt ipsa nihil et. Nihil eos enim optio dolorum necessitatibus sed ut.','exercitationem','9745334',NULL,'1986-02-10 11:49:40','2014-09-25 02:43:23'),
('84','4','84','Repudiandae sint rerum quo eos dolor. Nostrum quis optio aspernatur id quia. Incidunt commodi porro sapiente doloribus molestiae vel.','magni','314271847',NULL,'1991-09-22 09:14:10','1982-10-20 02:03:38'),
('85','1','85','Velit aut ea distinctio molestiae aspernatur et. Repellat et tenetur delectus voluptas aut. Sunt rem repellendus laboriosam. Culpa eius rerum libero corporis animi quia.','odio','376265',NULL,'1975-07-17 09:42:12','2013-12-19 18:37:02'),
('99','3','99','Sit est et veniam in voluptatem iure consectetur. Dolores incidunt et consequuntur omnis. Et dolores enim cupiditate voluptatibus id earum veniam.','consequatur','808154',NULL,'1977-11-28 19:25:38','1973-05-20 20:51:55'),
('100','4','100','At quidem unde quam molestias earum voluptatem dolorem. Maiores aut nihil aperiam deserunt perferendis. Odit et ipsum velit neque. Facere corporis facere ea qui reiciendis.','qui','67641',NULL,'1988-01-03 13:06:35','1986-03-18 09:20:12'); 


DROP TABLE IF EXISTS `media_types`;
CREATE TABLE `media_types` (
  `id` bigint(20) unsigned NOT NULL AUTO_INCREMENT,
  `name` varchar(255) COLLATE utf8_unicode_ci DEFAULT NULL,
  `created_at` datetime DEFAULT current_timestamp(),
  `updated_at` datetime DEFAULT NULL ON UPDATE current_timestamp(),
  UNIQUE KEY `id` (`id`)
) ENGINE=InnoDB AUTO_INCREMENT=5 DEFAULT CHARSET=utf8 COLLATE=utf8_unicode_ci;

INSERT INTO `media_types` VALUES ('1','qui','2019-03-27 21:04:38','1974-08-19 11:02:12'),
('2','eum','1979-09-06 01:03:52','1980-08-21 12:12:09'),
('3','nisi','1986-07-12 09:05:58','1988-11-05 01:33:06'),
('4','ne','1990-11-16 17:27:03','2003-10-16 22:27:11'),
('5','neq','1991-11-16 17:27:03','2004-10-16 22:27:11'), 
('6','nequ','1992-11-16 17:27:03','2005-10-16 22:27:11'), 
('7','neque','1993-11-16 17:27:03','2006-10-16 22:27:11'), 
('8','n','1994-11-16 17:27:03','2007-10-16 22:27:11'), 
('9','que','1995-11-16 17:27:03','2008-10-16 22:27:11'), 
('10','eque','2019-08-15 08:27:03','2020-08-15 08:27:03'); 

DROP TABLE IF EXISTS `messages`;
CREATE TABLE `messages` (
  `id` bigint(20) unsigned NOT NULL AUTO_INCREMENT,
  `from_user_id` bigint(20) unsigned NOT NULL,
  `to_user_id` bigint(20) unsigned NOT NULL,
  `body` text COLLATE utf8_unicode_ci DEFAULT NULL,
  `created_at` datetime DEFAULT current_timestamp(),
  UNIQUE KEY `id` (`id`),
  KEY `from_user_id` (`from_user_id`),
  KEY `to_user_id` (`to_user_id`),
  CONSTRAINT `messages_ibfk_1` FOREIGN KEY (`from_user_id`) REFERENCES `users` (`id`),
  CONSTRAINT `messages_ibfk_2` FOREIGN KEY (`to_user_id`) REFERENCES `users` (`id`)
) ENGINE=InnoDB AUTO_INCREMENT=101 DEFAULT CHARSET=utf8 COLLATE=utf8_unicode_ci;

INSERT INTO `messages` VALUES ('1','1','1','Et enim iste saepe dignissimos saepe et et. Eos autem sit nulla eos doloribus nulla qui porro. Maiores ea corrupti enim ullam sunt reiciendis vitae alias.','1980-02-19 16:39:04'),
('2','2','2','Labore nulla nobis repudiandae. Adipisci modi impedit et impedit aut quidem. Sint sit ut voluptas voluptatem id. Ut voluptatem harum est eum nam.','1990-05-09 12:06:22'),
('3','3','3','Suscipit aut molestias aut non sed. Labore sunt et saepe dolores reiciendis non. Non sunt dolores nihil sint aut vitae ex.','2015-04-24 00:31:19'),
('4','4','4','Quam perferendis dolor eum debitis repudiandae atque dolorum. Vel velit atque nesciunt iure. Harum eos quam fugit ea dolorem labore ut.','1988-07-22 02:43:24'),
('5','5','5','Asperiores qui sed quidem eaque optio quaerat. Dolorem aut tempora impedit autem voluptas voluptatem exercitationem omnis. Sed voluptas assumenda earum vel dolorum non molestiae aut.','1992-03-18 12:55:38'),
('6','6','6','Voluptas facere accusantium sunt rerum qui et. Fugiat eum nihil cum quia sit sunt. Odit adipisci vero quo laudantium aut voluptas.','1980-10-15 02:11:51'),
('7','7','7','Et cupiditate voluptates voluptas facere. Qui ab non provident iusto et consequatur. Et est unde quam sint.','1994-10-05 10:32:00'),
('8','8','8','Facere molestias rerum distinctio cupiditate ex cum. Officiis sit beatae reiciendis accusantium fugit recusandae perspiciatis rerum. Itaque ullam aliquam hic exercitationem praesentium.','2009-09-11 11:50:05'),
('9','9','9','Dolores repellat et libero dolorem. Quia consequatur odit autem tenetur natus possimus ut. Doloremque et temporibus velit quidem ea iusto rerum quas.','1982-01-10 19:13:00'),
('10','10','10','Est voluptatem aliquid rem voluptatem amet. Ut id consequatur est quidem rerum nemo. Molestiae culpa perspiciatis blanditiis quia beatae aut quibusdam perspiciatis. Architecto et quisquam aut aspernatur minus.','1977-08-12 05:19:59'),
('11','11','11','Modi sunt iste natus quia maiores. Eum pariatur odit cupiditate quo sed esse alias. Qui ut eum dolores.','1979-09-02 09:49:59'),
('12','12','12','Molestiae vel vero ut. Eaque quos omnis saepe laborum fugiat asperiores. Libero voluptatem corporis nisi accusamus ut atque dolor. Et consequatur sit inventore molestias quia tempore et.','1975-06-07 12:05:38'),
('13','13','13','Vitae dicta et eum a quia quo quas. Illo sit animi voluptatum iure nihil natus. Quibusdam quibusdam sapiente eos quia et laboriosam. Aut exercitationem maiores consequuntur autem quo est autem.','1999-02-14 20:08:48'),
('14','14','14','Natus dicta voluptatem doloremque quidem cum esse repudiandae. Incidunt voluptatem suscipit impedit.','1988-10-29 03:34:10'),
('15','15','15','Et ut mollitia beatae vero. Vitae rerum voluptas accusantium neque explicabo placeat veritatis rerum. Pariatur nulla incidunt harum harum eos. Sunt vel eligendi ducimus culpa sed voluptate voluptates.','2009-08-12 03:35:46'),
('16','16','16','Accusantium quis possimus enim recusandae ex. Voluptas commodi error rerum doloribus voluptas numquam et. Voluptatem deserunt quia qui natus.','1996-12-03 12:06:27'),
('17','17','17','Et laudantium perferendis repellat laborum cumque. Deleniti saepe nesciunt ea enim velit dolor tenetur. Hic laudantium molestiae incidunt consequatur impedit repellat sint. Necessitatibus illo odio repellendus tenetur dolor quas voluptatem. Aliquid autem quo saepe in sunt.','1972-09-02 03:30:44'),
('18','18','18','Debitis dolor nesciunt eveniet ab rerum suscipit. Est unde ducimus sit soluta soluta aperiam. Quaerat ex impedit earum maxime ad minima.','2012-06-06 17:18:57'),
('19','19','19','Modi ipsa amet voluptatibus blanditiis veritatis. Tempore iste vel molestiae rerum. Accusantium omnis sapiente labore vel ut delectus magni. Corporis est voluptas aut vero occaecati ut assumenda.','1970-10-03 18:48:43'),
('20','20','20','Labore magnam nulla cumque quia expedita vero quis voluptas. Aliquam ipsam aliquid ut. Ducimus doloremque explicabo optio quod. Enim rerum error enim ut consequatur saepe.','1996-11-19 13:07:04'),
('21','21','21','Blanditiis nam et atque enim aut illo. Similique labore rerum laudantium qui. Quia provident ea rerum eaque eos quaerat cum.','2014-05-20 16:41:51'),
('22','22','22','Omnis quasi voluptatibus doloribus repellendus consequuntur iure. Quia distinctio corporis voluptate ut. Fuga consequuntur sed nemo ab tenetur est. Amet amet corrupti itaque. Quam id numquam aut voluptatem.','1997-12-30 02:04:37'),
('23','23','23','Qui dolorum autem debitis earum commodi vel hic. Quis consequatur possimus omnis quasi. Maiores quia animi quisquam rerum libero voluptatem quos. Laborum quisquam ea aliquid est corporis beatae expedita.','1992-04-17 20:14:35'),
('24','24','24','Optio et delectus quo cumque et doloremque error dolorem. Omnis debitis maiores dolores cumque voluptas placeat maxime. Qui quis qui et cumque quis architecto.','1976-01-03 14:19:40'),
('25','25','25','Hic et officia beatae aut. Distinctio quis asperiores pariatur sed. Eum iste quis et provident autem at libero.','1998-04-02 01:18:44'),
('26','26','26','Iure est sunt dolorum accusamus consequatur quia. Quisquam voluptas praesentium minus accusamus voluptatibus dolores omnis. Voluptatem qui dolores sint ut eum. Similique exercitationem facilis qui odit reiciendis reprehenderit id.','2013-07-10 04:34:51'),
('27','27','27','Perferendis quaerat est enim sed dignissimos. Et consequatur voluptas omnis possimus ea. Est pariatur est sed molestias doloremque amet.','2018-05-27 13:21:01'),
('28','28','28','Ut ex minima tempore eius voluptatum nihil. Laboriosam dolore aperiam et laudantium quae. Libero saepe quia quis voluptatum.','1976-05-11 10:07:44'),
('29','29','29','Ipsa aperiam voluptatem beatae ipsum. Omnis incidunt et eligendi debitis voluptatibus ut reiciendis. Atque molestiae quisquam porro dolor.','1981-11-07 03:29:24'),
('30','30','30','Labore nisi aut non enim. Dicta rerum sit molestiae ea. Temporibus qui omnis autem. Animi vitae reiciendis numquam vitae dolor aut.','2018-09-29 02:12:30'),
('31','31','31','Non dolor vel pariatur eveniet sapiente laboriosam illo. Illo libero voluptas aperiam ab. Aut eum praesentium accusamus ea ab.','1989-08-28 00:09:24'),
('32','32','32','Et consequuntur vel vel totam illum. Corporis libero eum voluptatem aut aliquam voluptatem. Tenetur nemo ratione atque sed. Voluptas autem culpa alias et ab eius. Temporibus id aut quis exercitationem.','1977-06-04 14:58:41'),
('33','33','33','Quaerat magni expedita aut aliquid totam. Quam odio et quo dolores impedit magni. Modi sequi illum qui aperiam ipsum.','1981-12-25 13:57:53'),
('34','34','34','A sit rerum maxime quasi. Delectus sint explicabo et inventore laboriosam. Voluptas qui ad quibusdam minima laborum adipisci saepe.','2008-03-10 05:54:03'),
('35','35','35','Sit et sed omnis excepturi fuga. Voluptas soluta maxime voluptatibus est dolores. Asperiores fugit incidunt asperiores itaque. Illo aut a est quo labore. Eveniet quia dolore corporis repudiandae libero.','1983-03-22 21:27:54'),
('36','36','36','Corporis ad a sit non similique. Non dignissimos repudiandae omnis inventore quis amet magnam nihil. Mollitia suscipit ad alias delectus magni. Expedita in dicta deleniti ea cupiditate eos.','1996-10-24 02:54:33'),
('37','37','37','Autem consequatur similique impedit laudantium. Soluta enim suscipit ut quia molestiae. Enim est et veniam.','1977-04-29 09:15:34'),
('38','38','38','Occaecati commodi atque perferendis aspernatur deleniti provident sit. Ea cum soluta praesentium sequi est recusandae facere. Accusantium ea odit fuga in eveniet expedita. Distinctio et placeat aut ducimus. Quis voluptatibus quo distinctio eligendi molestiae.','2000-08-19 00:37:12'),
('39','39','39','Iure sit illum officiis numquam vero dolores quas. Eos culpa quidem maxime officia hic hic magnam. Ut consequatur ratione aut aut porro sapiente quaerat.','1982-03-29 21:33:14'),
('40','40','40','Quaerat occaecati aut magni dolores et enim aperiam sed. In dolores quisquam et animi consequatur. Iusto magnam quaerat vel reprehenderit. Voluptate illum consectetur quis dolores placeat est.','2001-04-10 11:45:22'),
('41','41','41','Culpa facere molestiae incidunt cumque libero culpa. Deserunt quia ipsa quia. Eos aut commodi quod neque in architecto. Ab rerum commodi quo labore quo.','2004-11-03 09:43:40'),
('42','42','42','Aut ut incidunt omnis suscipit debitis hic incidunt. Qui accusantium facilis aut ea harum ipsum. Eaque corporis aut illo sit consequatur voluptatem aliquam.','2014-03-05 06:40:05'),
('43','43','43','Ut quo quis aspernatur ab amet libero corporis. Cupiditate voluptas ipsa molestiae non deleniti pariatur. Est incidunt similique est ea voluptatum accusamus quis. Eligendi saepe quae soluta consequatur dolore. Laborum repellendus quas excepturi suscipit ut quia.','2005-10-13 00:24:43'),
('44','44','44','Aut non ut ullam dolorem. Et dolores voluptas consectetur velit. Dolores modi nobis facilis ratione molestiae.','1994-08-31 07:32:50'),
('45','45','45','Voluptas tenetur neque dolorum est dignissimos minus labore. Quasi reiciendis voluptatibus magni ducimus. Debitis quis esse consequatur voluptates voluptatem necessitatibus. Quis sit quod ea.','1981-09-02 07:18:15'),
('46','46','46','Nihil sequi voluptatibus animi eum cupiditate reprehenderit molestiae. Eveniet earum voluptas ipsa soluta quas voluptas. Ut et et assumenda necessitatibus qui beatae temporibus.','2011-01-15 11:33:44'),
('47','47','47','Optio qui itaque et sapiente qui. Modi minima magni labore eligendi accusantium ut. Laboriosam doloremque ea sit ut iusto et aliquid. Ullam numquam ut omnis temporibus optio velit. Expedita odit natus quibusdam autem quasi ea.','2017-01-30 14:20:24'),
('48','48','48','Officia voluptas et nostrum pariatur pariatur. Laboriosam quo ducimus maiores. Laudantium dolores eum voluptas tenetur est amet ut. Beatae dolorem magni ut rerum.','2015-06-19 22:33:23'),
('49','49','49','Consequuntur aut alias est dolorem aut. Adipisci nulla sed quia voluptatem et est officiis. Omnis nihil incidunt in est. Doloremque cum sequi nihil harum aut eius. Atque aliquam sapiente cum reiciendis aliquam saepe qui.','1984-05-27 17:31:41'),
('50','50','50','Adipisci qui velit voluptates optio corrupti quaerat. Dolores aut aspernatur odio dignissimos. Quis consequatur inventore laborum voluptatibus dolor occaecati.','1995-03-19 00:03:47'),
('51','51','51','Sed inventore sed molestiae dicta aut natus. Corporis sint expedita quisquam omnis cupiditate alias nobis. Sit suscipit dicta repellendus expedita.','2020-04-13 09:37:57'),
('52','52','52','Eos nesciunt dolores debitis velit possimus fugit saepe. Aut iste reprehenderit cumque consequuntur a voluptas. Sint magni delectus aspernatur totam.','1992-07-27 18:30:47'),
('53','53','53','Fugiat voluptatem maiores molestiae sint laboriosam minus labore quo. Non minus laudantium voluptas possimus. Eum doloribus voluptatem nisi a rerum ullam esse perspiciatis. Corrupti accusantium sit neque voluptatum.','1974-08-07 19:55:50'),
('54','54','54','Quos ut voluptates nam dolorum aut omnis. Sed corporis deserunt porro. Unde itaque distinctio enim error sint nesciunt labore.','1984-08-01 06:07:40'),
('55','55','55','Cumque voluptatum veniam dolor sint. Enim cumque nisi in laboriosam. Sunt sint sapiente quam nulla voluptatem architecto molestiae. Autem aliquam voluptatem ut repellat aperiam explicabo. Voluptatum nesciunt quod non.','2003-12-13 14:43:16'),
('56','56','56','Expedita sunt odit vel reiciendis. Dignissimos omnis eius ut eos velit beatae labore. Velit quaerat nam enim odio voluptatibus voluptate quo.','1977-08-06 10:49:20'),
('57','57','57','Molestiae quasi provident deserunt est aut vel ut. Iste sed non quod laborum. Illum pariatur atque ullam non. Laborum autem eos nisi rem. Repellat quo voluptate officia quod vel ipsam dolor sit.','1989-03-17 23:02:48'),
('58','58','58','Fugit et molestiae neque rerum libero sed facilis tempore. Cumque harum sed qui commodi quos quis veniam. Nihil accusantium amet quia id et. Aliquam praesentium voluptatem et perferendis sapiente.','1988-05-01 19:09:43'),
('59','59','59','Laboriosam eum molestiae consequatur rerum. Modi illo illo id est incidunt. Aut beatae explicabo molestiae itaque et ratione voluptatem. Qui necessitatibus sequi ut odit et.','1986-07-05 07:24:53'),
('60','60','60','Sit sapiente quisquam accusamus accusamus corporis quaerat animi vel. Autem repellendus illum ullam sint quod. Ratione possimus velit ea ipsum maxime molestiae odio quaerat.','1975-11-11 05:19:05'),
('61','61','61','Nam officia nulla officiis ducimus. Ut nihil in tenetur voluptas autem. Ut qui ipsam non aut veritatis ratione veniam.','1987-07-16 08:10:23'),
('62','62','62','Nihil ut aut recusandae harum et cupiditate esse enim. Accusamus et commodi consequuntur aut. Id vel et earum eos voluptas. Vel vel sunt in.','1998-06-06 02:43:21'),
('63','63','63','Quia modi in sunt sed quos. Voluptatem facilis beatae atque dolorum ea numquam. Voluptas ad et excepturi. Aspernatur nostrum in accusamus enim.','1995-02-17 17:23:10'),
('64','64','64','Qui doloribus ut recusandae quaerat. Quibusdam iusto dicta nihil fuga eveniet tenetur est. Dolores omnis error maiores quaerat hic ipsa adipisci. Vel aut vitae nostrum dolorem est itaque.','1987-06-12 01:42:44'),
('65','65','65','Dolores et laudantium alias. Unde suscipit quibusdam quia libero.','2015-09-02 13:52:21'),
('66','66','66','Esse ea voluptas qui optio. Modi vel necessitatibus vero nesciunt. Veritatis modi iste eos ipsa molestiae. Molestiae et velit blanditiis corporis aut dolor.','1975-08-02 09:32:16'),
('67','67','67','Quia veritatis illum facilis debitis. Maiores ipsum dolores magnam illo. Reiciendis est omnis voluptatem deleniti saepe. Aliquid voluptatibus voluptatem alias consectetur tempora et voluptatem. Doloremque dolores amet qui eum ea veritatis quidem.','2012-11-22 09:57:02'),
('68','68','68','Aliquam amet ut dignissimos provident eum nobis labore qui. Ipsum assumenda tempore repellat asperiores. Quis eaque et itaque molestiae laboriosam iure ipsa et.','1995-09-08 02:34:18'),
('69','69','69','Voluptatem omnis maxime nisi. Animi harum distinctio illo numquam assumenda velit sed omnis. Totam voluptas nihil dolores.','1975-07-13 06:20:00'),
('70','70','70','Dolorem est et culpa quia. Esse ducimus atque sit voluptatem provident vel. Expedita similique necessitatibus et officiis quo. Voluptates quia beatae incidunt mollitia eligendi possimus.','1971-05-22 22:08:14'),
('71','71','71','Ullam ratione rerum corporis laboriosam iste corporis ut dolor. Consequatur perspiciatis aut quia voluptatem excepturi. Ullam deserunt dolores facilis autem. Ut ad ipsa quia aspernatur. Ut impedit ducimus vero.','2002-08-03 10:06:56'),
('72','72','72','Et aspernatur modi et nemo. Deleniti est nulla enim atque iusto. Excepturi aliquid omnis voluptatem cumque perspiciatis ut. Odit odio in et cum.','1986-04-23 08:59:45'),
('73','73','73','Dolores eos fugit voluptatum quas. Est provident quia molestiae voluptatum. Dolor pariatur id dolores perspiciatis delectus animi. Dignissimos reiciendis voluptatum doloribus reiciendis sed corrupti.','1978-06-08 20:40:34'),
('74','74','74','In dolorum aliquam et cum quae architecto temporibus. Vero reprehenderit molestiae porro ea sunt. Ut impedit debitis ut iusto officia praesentium. Inventore nesciunt sed ut saepe laudantium rerum in qui. Voluptatem mollitia a vel est delectus doloribus aliquam culpa.','1986-02-19 21:04:35'),
('75','75','75','Rem voluptas adipisci delectus et. Tenetur velit ea et consequuntur libero. Aut ipsam dolor praesentium cupiditate sapiente quam. Numquam ea nihil aut ratione.','1974-01-30 06:30:33'),
('76','76','76','Est architecto et nemo occaecati ut. Qui officia voluptatem qui adipisci quia ad modi. Libero voluptas est incidunt occaecati qui magni. Neque iusto error eligendi et deserunt officiis. Qui minus tenetur delectus.','1995-11-15 17:18:05'),
('77','77','77','Eligendi incidunt sapiente eveniet recusandae aperiam ut. Repellat aperiam ipsam ullam. Corrupti sint in ea iusto error tempore.','1980-10-23 02:17:37'),
('78','78','78','Et alias qui eum dolor laboriosam in dolores. In laudantium magnam ipsam ad fuga in ullam.','1977-06-16 18:12:24'),
('79','79','79','Non aut dolorum nesciunt illum quaerat. Consequatur perspiciatis qui at vitae vel qui. Qui reiciendis non consequuntur temporibus dolore ipsum consequuntur.','2008-10-20 05:36:24'),
('80','80','80','Qui commodi minima vel numquam quam doloremque eos. Accusamus velit et incidunt totam quia sapiente in. Iste sed deleniti libero quia et. A odio dicta dolorem adipisci repellendus quia blanditiis. Quibusdam harum occaecati dolor sit porro.','2000-11-14 03:53:22'),
('90','90','90','Ut enim consequatur sed cumque rerum. Qui dolorem corrupti impedit doloremque. Ipsum adipisci rerum voluptatem quae. Est sequi perferendis maxime id facere non eius. Ea dolor odit maxime est hic.','2013-10-11 20:25:53'),
('91','91','91','Recusandae nihil possimus est. Atque distinctio nam voluptas voluptatem harum. Non qui sint facilis placeat.','2014-04-13 05:48:49'),
('92','92','92','Mollitia exercitationem maxime et aut in dolorem consequuntur ad. Ea et eum incidunt voluptatem tempore quod. Non est nihil vel pariatur eligendi est.','1992-11-13 19:05:53'),
('93','93','93','Vel autem reiciendis et. Tempora necessitatibus facere odit sit aliquam dolore. Porro nostrum natus voluptas ipsum. Sint sint dolorem tempore et.','2015-09-17 09:33:02'),
('94','94','94','Quia fuga sapiente rerum eius dolor. Voluptatem autem voluptatem ab porro sint aliquam.','1973-08-08 05:49:50'),
('95','95','95','Voluptatibus in aut qui aut aut cum. Consequatur ipsa aliquid adipisci quae veritatis eum eum. Saepe voluptas molestiae officiis qui architecto. Blanditiis voluptate corporis dolorum architecto voluptatibus. Quis et et maxime maxime est harum error quis.','1995-08-19 21:54:07'),
('96','96','96','Nobis itaque modi et numquam cum veniam nobis. Eos corrupti dolor deleniti dicta non. Non quo inventore eligendi explicabo quaerat. Vel numquam rerum sit.','2018-06-02 12:47:33'),
('97','97','97','Omnis necessitatibus non in consequuntur distinctio quo. Consequatur magnam omnis deserunt sunt qui a cumque. Mollitia ut quam eum harum rerum id explicabo tempora. Temporibus et beatae soluta nihil ullam fuga.','1994-06-28 12:04:42'),
('98','98','98','Ea quia sequi amet quo iure. Placeat nisi voluptas quas qui et aliquid aut.','1987-06-26 07:14:45'),
('99','99','99','Impedit labore dolores aut aliquam natus ut et. Eveniet cupiditate soluta laboriosam exercitationem est libero voluptas laudantium. Soluta est hic accusantium illum eius. Ullam eveniet autem consequatur illum eum autem.','1973-08-25 14:31:29'),
('100','100','100','Quod reprehenderit nemo et rerum ut iure. Modi rerum consequatur laborum quas. Voluptas nihil quaerat ut. Sed illum ut qui quo cum voluptatem aliquam.','2002-09-08 13:25:46'); 


DROP TABLE IF EXISTS `photo_albums`;
CREATE TABLE `photo_albums` (
  `id` bigint(20) unsigned NOT NULL AUTO_INCREMENT,
  `name` varchar(255) COLLATE utf8_unicode_ci DEFAULT NULL,
  `user_id` bigint(20) unsigned DEFAULT NULL,
  PRIMARY KEY (`id`),
  UNIQUE KEY `id` (`id`),
  KEY `user_id` (`user_id`),
  CONSTRAINT `photo_albums_ibfk_1` FOREIGN KEY (`user_id`) REFERENCES `users` (`id`)
) ENGINE=InnoDB AUTO_INCREMENT=11 DEFAULT CHARSET=utf8 COLLATE=utf8_unicode_ci;

INSERT INTO `photo_albums` VALUES ('1','corrupti','1'),
('2','repellat','2'),
('3','quod','3'),
('4','ut','4'),
('5','sapiente','5'),
('6','nostrum','6'),
('7','saepe','7'),
('8','placeat','8'),
('9','id','9'),
('10','rer','10'),
('11','reru','11'), 
('12','erum','12'); 

DROP TABLE IF EXISTS `photos`;
CREATE TABLE `photos` (
  `id` bigint(20) unsigned NOT NULL AUTO_INCREMENT,
  `album_id` bigint(20) unsigned NOT NULL,
  `media_id` bigint(20) unsigned NOT NULL,
  UNIQUE KEY `id` (`id`),
  KEY `album_id` (`album_id`),
  KEY `media_id` (`media_id`),
  CONSTRAINT `photos_ibfk_1` FOREIGN KEY (`album_id`) REFERENCES `photo_albums` (`id`),
  CONSTRAINT `photos_ibfk_2` FOREIGN KEY (`media_id`) REFERENCES `media` (`id`)
) ENGINE=InnoDB AUTO_INCREMENT=101 DEFAULT CHARSET=utf8 COLLATE=utf8_unicode_ci;

INSERT INTO `photos` VALUES ('1','1','1'),
('2','2','2'),
('3','3','3'),
('4','4','4'),
('5','5','5'),
('6','6','6'),
('7','7','7'),
('8','8','8'),
('9','9','9'),
('10','10','10'),
('11','1','11'),
('12','2','12'),
('13','3','13'),
('14','4','14'),
('15','5','15'),
('16','6','16'),
('17','7','17'),
('18','8','18'),
('19','9','19'),
('20','10','20'),
('21','1','21'),
('22','2','22'),
('23','3','23'),
('24','4','24'),
('25','5','25'),
('26','6','26'),
('27','7','27'),
('28','8','28'),
('29','9','29'),
('30','10','30'),
('31','1','31'),
('32','2','32'),
('33','3','33'),
('34','4','34'),
('35','5','35'),
('36','6','36'),
('37','7','37'),
('38','8','38'),
('39','9','39'),
('40','10','40'),
('41','1','41'),
('42','2','42'),
('43','3','43'),
('44','4','44'),
('45','5','45'),
('46','6','46'),
('47','7','47'),
('48','8','48'),
('49','9','49'),
('50','10','50'),
('51','1','51'),
('52','2','52'),
('53','3','53'),
('54','4','54'),
('55','5','55'),
('56','6','56'),
('57','7','57'),
('58','8','58'),
('59','9','59'),
('60','10','60'),
('61','1','61'),
('62','2','62'),
('63','3','63'),
('64','4','64'),
('65','5','65'),
('66','6','66'),
('67','7','67'),
('68','8','68'),
('69','9','69'),
('70','10','70'),
('71','1','71'),
('72','2','72'),
('73','3','73'),
('74','4','74'),
('75','5','75'),
('76','6','76'),
('77','7','77'),
('78','8','78'),
('79','9','79'),
('80','10','80'),
('81','1','81'),
('82','2','82'),
('83','3','83'),
('84','4','84'),
('85','5','85'),
('86','6','86'),
('87','7','87'),
('88','8','88'),
('89','9','89'),
('90','10','90'),
('91','1','91'),
('92','2','92'),
('93','3','93'),
('94','4','94'),
('95','5','95'),
('96','6','96'),
('97','7','97'),
('98','8','98'),
('99','9','99'),
('100','10','100'); 


DROP TABLE IF EXISTS `profiles`;
CREATE TABLE `profiles` (
  `user_id` bigint(20) unsigned NOT NULL,
  `gender` char(1) COLLATE utf8_unicode_ci DEFAULT NULL,
  `birthday` date DEFAULT NULL,
  `photo_id` bigint(20) unsigned DEFAULT NULL,
  `created_at` datetime DEFAULT current_timestamp(),
  `hometown` varchar(100) COLLATE utf8_unicode_ci DEFAULT NULL,
  UNIQUE KEY `user_id` (`user_id`),
  CONSTRAINT `fk_user_id` FOREIGN KEY (`user_id`) REFERENCES `users` (`id`) ON DELETE NO ACTION ON UPDATE CASCADE
) ENGINE=InnoDB DEFAULT CHARSET=utf8 COLLATE=utf8_unicode_ci;

INSERT INTO `profiles` VALUES ('1','f','1979-07-17','1','1979-01-01 06:40:07',NULL),
('2','f','2002-06-12','2','2007-07-08 21:53:43',NULL),
('3','f','2002-04-22','3','1970-09-17 07:07:30',NULL),
('4','m','2003-08-30','4','1999-10-20 08:52:08',NULL),
('5','m','2008-05-31','5','2008-08-12 15:52:28',NULL),
('6','m','2010-10-22','6','1980-09-02 02:03:13',NULL),
('7','f','1979-08-19','7','2003-01-29 10:27:29',NULL),
('8','m','1997-03-25','8','2018-06-17 09:58:43',NULL),
('9','m','1982-12-01','9','1987-03-20 08:31:37',NULL),
('10','m','1999-01-13','10','1993-07-31 10:14:57',NULL),
('11','f','2017-01-22','11','1983-01-03 00:26:08',NULL),
('12','f','2019-06-26','12','1991-04-02 00:06:37',NULL),
('13','m','1990-12-07','13','2002-07-17 13:10:24',NULL),
('14','f','2018-04-02','14','1980-05-16 03:06:22',NULL),
('15','m','1987-10-14','15','2003-10-05 21:03:02',NULL),
('16','m','2010-03-26','16','2006-12-28 23:50:51',NULL),
('17','f','1971-11-01','17','1998-07-22 06:50:20',NULL),
('18','m','1972-10-15','18','2007-05-15 09:15:01',NULL),
('19','m','1998-10-22','19','2002-02-14 20:08:52',NULL),
('20','m','2016-12-09','20','1991-03-19 01:11:08',NULL),
('21','f','2008-01-01','21','2008-06-13 01:59:53',NULL),
('22','f','2012-08-06','22','1996-12-13 10:14:43',NULL),
('23','m','1980-05-24','23','1993-04-02 16:36:57',NULL),
('24','m','2000-04-02','24','1990-08-09 12:37:58',NULL),
('25','f','2012-08-07','25','1996-11-11 03:00:15',NULL),
('26','f','1989-12-12','26','1983-04-16 18:56:09',NULL),
('27','m','1989-11-01','27','1980-11-22 15:12:17',NULL),
('28','m','1978-11-02','28','2018-03-17 20:23:07',NULL),
('29','f','1971-03-25','29','1978-02-18 01:59:06',NULL),
('30','f','1983-08-20','30','1970-08-07 21:16:21',NULL),
('31','m','1976-03-02','31','1987-01-12 03:14:19',NULL),
('32','f','1996-01-02','32','1983-06-03 01:17:40',NULL),
('33','m','2015-02-28','33','1980-04-20 15:46:42',NULL),
('34','m','1997-03-26','34','1975-05-31 14:15:44',NULL),
('35','m','1974-04-02','35','2004-06-22 21:00:15',NULL),
('36','m','1991-11-30','36','2015-11-05 21:02:43',NULL),
('37','m','1985-06-26','37','1998-01-10 02:06:49',NULL),
('38','f','1982-09-22','38','1982-05-24 12:21:09',NULL),
('39','f','1979-07-07','39','2015-05-30 09:45:26',NULL),
('40','m','1986-06-03','40','1987-05-06 22:24:05',NULL),
('41','f','2004-08-03','41','1981-08-02 23:46:28',NULL),
('42','f','1988-09-22','42','1997-09-08 21:24:56',NULL),
('43','m','1978-06-18','43','2013-05-04 10:38:53',NULL),
('44','f','2000-03-14','44','1990-09-30 15:51:08',NULL),
('45','m','2015-12-30','45','1970-04-23 04:25:31',NULL),
('46','m','2018-11-02','46','2008-06-29 11:25:44',NULL),
('47','m','2014-01-23','47','1994-10-12 13:52:44',NULL),
('48','m','2011-11-30','48','2016-07-06 01:51:09',NULL),
('49','f','1989-07-31','49','2002-04-30 19:04:58',NULL),
('50','m','2019-10-28','50','2004-07-27 15:10:00',NULL),
('51','m','1970-11-20','51','1999-07-30 08:33:53',NULL),
('52','m','2009-02-28','52','1975-06-23 19:02:25',NULL),
('53','f','1979-10-20','53','1979-08-02 22:05:34',NULL),
('54','f','2016-12-31','54','2013-01-22 01:42:17',NULL),
('55','f','1973-09-13','55','1989-04-17 18:42:16',NULL),
('56','m','1995-02-06','56','2004-05-30 19:19:57',NULL),
('57','m','1992-10-07','57','1973-04-10 06:09:24',NULL),
('58','f','2012-03-21','58','1997-10-08 16:47:43',NULL),
('59','f','1976-10-18','59','1979-08-25 07:37:43',NULL),
('60','m','2013-12-09','60','2019-02-18 05:47:33',NULL),
('61','f','2000-03-24','61','2006-05-17 23:13:39',NULL),
('62','f','2011-02-08','62','2013-07-11 01:33:13',NULL),
('63','m','2013-05-11','63','2019-01-20 00:05:05',NULL),
('64','m','1982-03-31','64','1991-10-22 22:37:08',NULL),
('65','m','2000-11-24','65','1984-11-17 13:42:54',NULL),
('66','f','1984-11-23','66','1992-10-11 15:48:45',NULL),
('67','m','1978-03-02','67','1986-05-26 03:35:06',NULL),
('68','f','1992-03-10','68','1985-05-28 04:04:44',NULL),
('69','m','2007-03-20','69','1998-04-26 00:50:17',NULL),
('70','m','2006-05-02','70','2006-04-08 22:36:53',NULL),
('71','f','1983-11-28','71','1992-07-04 13:35:02',NULL),
('72','f','1973-05-24','72','1991-04-16 13:06:19',NULL),
('73','f','1988-10-07','73','1980-03-11 20:18:07',NULL),
('74','m','2011-07-17','74','1984-11-26 19:07:31',NULL),
('75','f','1981-01-02','75','1977-12-29 18:46:02',NULL),
('76','f','1986-11-01','76','1994-02-27 03:43:32',NULL),
('77','m','2008-10-26','77','1975-04-22 17:57:18',NULL),
('78','f','1971-06-11','78','1993-10-20 01:56:20',NULL),
('79','m','2020-06-12','79','1983-03-28 01:05:15',NULL),
('80','m','1981-05-15','80','1984-04-15 18:26:31',NULL),
('81','f','1981-01-27','81','1982-10-22 11:59:19',NULL),
('82','m','1992-06-17','82','1987-02-10 01:09:55',NULL),
('83','m','1998-02-17','83','1999-03-20 17:08:28',NULL),
('84','f','2007-07-15','84','1981-10-07 06:08:50',NULL),
('85','f','1988-06-19','85','1978-03-24 00:46:22',NULL),
('86','m','1987-05-16','86','1993-09-20 19:35:36',NULL),
('87','m','1975-10-04','87','2009-05-07 00:12:51',NULL),
('88','f','1991-06-01','88','1973-05-20 07:38:57',NULL),
('89','f','1993-03-03','89','2018-04-18 06:35:53',NULL),
('90','m','2004-12-25','90','1984-03-27 08:55:37',NULL),
('91','f','1979-12-17','91','1996-01-16 20:21:15',NULL),
('92','f','2001-12-23','92','2013-10-07 14:50:53',NULL),
('93','m','1990-09-11','93','1971-12-09 17:48:40',NULL),
('94','m','1989-11-18','94','1973-04-28 01:58:35',NULL),
('95','m','2005-11-30','95','1978-02-11 10:19:22',NULL),
('96','m','2004-11-21','96','2014-03-11 16:14:44',NULL),
('97','m','1984-07-25','97','1985-12-29 12:32:11',NULL),
('98','f','1986-04-18','98','1973-04-03 10:00:23',NULL),
('99','m','1994-07-18','99','1992-11-15 13:39:02',NULL),
('100','f','1988-10-22','100','1972-06-07 02:19:53',NULL); 


DROP TABLE IF EXISTS `users`;
CREATE TABLE `users` (
  `id` bigint(20) unsigned NOT NULL AUTO_INCREMENT,
  `firstname` varchar(50) COLLATE utf8_unicode_ci DEFAULT NULL,
  `lastname` varchar(50) COLLATE utf8_unicode_ci DEFAULT NULL COMMENT 'Фамиль',
  `email` varchar(120) COLLATE utf8_unicode_ci DEFAULT NULL,
  `password_hash` varchar(100) COLLATE utf8_unicode_ci DEFAULT NULL,
  `phone` bigint(20) unsigned DEFAULT NULL,
  PRIMARY KEY (`id`),
  UNIQUE KEY `email` (`email`),
  UNIQUE KEY `phone` (`phone`),
  KEY `users_firstname_lastname_idx` (`firstname`,`lastname`)
) ENGINE=InnoDB AUTO_INCREMENT=101 DEFAULT CHARSET=utf8 COLLATE=utf8_unicode_ci COMMENT='юзеры';

INSERT INTO `users` VALUES ('1','Raheem','Rohan','medhurst.raleigh@example.com','7e1e0ae72ad67b975eb8ffac4cce13bc75407752','89632296268'),
('2','Reyna','Kirlin','travon.ruecker@example.com','c083c033f63f840fc780533e79f6cc583d35f162','89056178237'),
('3','Emory','Robel','romaguera.deangelo@example.org','838914cbb0f0b4eab9ed96c533d9a6e50b3c7b11','89746034929'),
('4','Kelli','Von','bartoletti.daniela@example.com','ea1a7c7a89c748601ddd383680e1a957735287dd','89042828117'),
('5','Electa','Spencer','rschultz@example.net','369398b463a4168a68e272dc35ca677cff051662','89538426852'),
('6','Alene','Ledner','mario.berge@example.org','6a58fe2b0e79dfc138ddb2131a9a6e5d1761ef2c','89543945854'),
('7','Winnifred','Metz','heber.lockman@example.org','2a61a1f018a78926ec90ca072d5457c5b7025193','89318689972'),
('8','Lysanne','Lesch','lucienne.dach@example.com','cc084ab319d5f43fb3f5c7421c2f855232d6ccf1','89493340895'),
('9','Agustin','Schaden','kevon.brakus@example.com','166e881363eb0eeeb466f70242f20f5d1349a6cf','89895651294'),
('10','Sven','Beer','gaylord.daugherty@example.net','7087b6d3d73d204b614672000961ff2452de2428','89523171651'),
('11','Bell','Douglas','tatum.waters@example.com','2291f29ce499e715959f1e3abce09437bbe551da','89970812987'),
('12','Allene','Roob','abbie36@example.net','c688fbd77ba68acb88209e341273efbcace9c018','89009783077'),
('13','Brian','Kassulke','salvatore28@example.net','f2132e7269a39c8baab5bf2bb9ecf77fde88c693','89715759607'),
('14','Jane','Robel','erin75@example.net','9bcc33a7c32b5d90d01f6363aa9d490b4c02de02','89286436574'),
('15','Simeon','Lehner','boris.romaguera@example.org','87e1cebf9130e419ada7f65964b1e727fccd167e','89787859346'),
('16','Naomi','Kiehn','rau.grayson@example.org','c4f81a2d825ed7ac4b255ac520e79d40cbde895d','89700156883'),
('17','Hallie','Kemmer','imosciski@example.net','55fc03eaa4e18dad8d3dc687d3ba285088380fb1','89094117184'),
('18','Emmie','Stracke','williamson.russ@example.net','f3f40421956f5a51353cca3a0fedbdc4cb55a1ad','89186435785'),
('19','Lauriane','Friesen','mueller.magdalen@example.net','b75d89259c51e144eda0a05719c2285929591f8f','89896261555'),
('20','Emerson','Sporer','francesca19@example.org','88b8d9441f992815be1a8f4cb8cdce6886d43a93','89196732393'),
('21','Declan','Auer','rolfson.cassie@example.com','e701f792c36c9d01f1c8f8130a2d1fa27d38eb5f','89884775671'),
('22','Selmer','Crist','qrodriguez@example.net','01ca4d122ef16c400178e7926f7a786ce0b7495b','89604634259'),
('23','Ricky','Zieme','block.hermann@example.com','270d3cb205f255f4f9f5790690ec029b957fd24c','89650864542'),
('24','Stephen','Baumbach','denis.zemlak@example.org','a465c1c8aa40451a67f6cc9425dc702bce1be800','89315760098'),
('25','Elza','Franecki','dzboncak@example.org','15847cd1b830fa72de360c0b9b9c96d1cd99f788','89814740035'),
('26','Anabel','Rippin','howell.rosenbaum@example.org','0795dc8b759abe52c1ad3c874184fb6b42e2a10a','89940976339'),
('27','Estelle','Stracke','jonathon61@example.com','afa07cfc8f16e59575bbbad0684c13ea6066daf8','89669574248'),
('28','Bo','Osinski','mnikolaus@example.net','aeb609c85e4ea59eefdb913a38f5d4597a79d4db','89483845735'),
('29','Johathan','Runte','bglover@example.org','6884efe8890a882a29f4d7dcde9cb14b8f43f5b9','89586547807'),
('30','Justen','Greenholt','mcdermott.leanna@example.org','394165b3a255d3bef571989acfe29a2395e285cc','89262207485'),
('31','Vita','Cummerata','will.anne@example.org','dbbe89a645bef3de984c6dfbff494ba413796aee','89924196955'),
('32','Miles','Cole','henry68@example.org','cf7275f3386d517691b7730fc8b2d27ac8240477','89975865835'),
('33','Eriberto','Ward','zemlak.jules@example.com','37f654063e95a836e5eebe8ca20948b8a04577fc','89778105739'),
('34','Madonna','Smith','omari.anderson@example.net','27a126a32b9a9b8343983bd3b5c15828399b68e3','89583800817'),
('35','Vince','Shanahan','psmitham@example.com','18cf316712cd8adafb7f0723985d76d0ececbfe0','89809880097'),
('36','Aurore','Jast','matilda29@example.org','6a5b86661d0ed606c6202104a5bc090718dd21e7','89170039813'),
('37','Rachel','Hansen','greenfelder.carmella@example.net','0eccd17774a34b4132427808cbcc040532b9dd7f','89460140636'),
('38','Abigail','Hirthe','yschumm@example.org','699ab091cc32d487a690cce1b37b2a7ff1667513','89488024224'),
('39','Alyce','Hansen','kshlerin.gene@example.net','44bd9eea2ce298fb1dae77e081b5d637372afe88','89413956508'),
('40','Polly','Quigley','tebert@example.com','aa43d2ef1de9ba093ede4ae15c752a78867a993f','89483526916'),
('41','Matt','Miller','alvena41@example.com','66c1af06d40bde7559805e0fb7604f8e019a23dd','89569176390'),
('42','Tom','Pfannerstill','jerome18@example.net','90310ce9f958c398b73dacfc01d814a30f466ae7','89223445913'),
('43','Anahi','Erdman','rosalia.beer@example.net','041536e13c42ea4ce23c2ce514e451607cefe88f','89766507865'),
('44','Darrell','Heathcote','brennon.predovic@example.net','e78017f59a8b86429610b36063727134051d8021','89313014976'),
('45','Abdul','Towne','hayley.gerhold@example.org','0c84e9079075031831ccf0d617001f146d8c770c','89202763226'),
('46','Tina','Hegmann','sincere.kutch@example.com','93cb6b2b6079d6085fc8352908ed02e7a1a82e9a','89920182364'),
('47','Caden','Cole','cale.haag@example.org','157c8225949ce4922315db2e622471bc90aecd22','89804671166'),
('48','Chloe','Medhurst','gwest@example.net','6dc357ca8c88ee2ede973d6dc4e03386ab8d8767','89437158150'),
('49','Maya','Sanford','nelson.kerluke@example.org','975048898a361714cbee688933ef284be1404e55','89286797547'),
('50','Noel','Luettgen','hayes.weldon@example.org','b48b7680d4a5c889409bffc3bbfb26399b4fbe2e','89224959685'),
('51','Catharine','O\'Conner','dessie.rowe@example.com','a8eba638792830e688dfba71b563fd4ed0882022','89591560855'),
('52','Cara','Weimann','danielle70@example.com','f67356a933fe3162b60fadac1a55c5b8beb2ad41','89646757638'),
('53','Boyd','Weber','gtowne@example.com','181450ef62943b88f75965e94e1b3b947e300ac0','89802537387'),
('54','Eldon','Feil','vivian.cassin@example.net','5f1fe93d51bdcc5806fd19f3e88dba9b77d79988','89052111506'),
('55','Malachi','Zboncak','kaylah47@example.org','8091eb3ac2ac1031e12002bdb5b179f7a74607cd','89923024892'),
('56','Leon','Marquardt','vpollich@example.com','9b3c8e4a8a99cbd2e5f345c726b43fe6afca1429','89273670147'),
('57','Shyann','Gusikowski','ikassulke@example.org','ab0126d6de602f486aa7c5956c7422a5206e8f2d','89628165948'),
('58','Tad','Morar','alberto.dicki@example.com','14c27d3255f2994fb6b6ef2d29f786821d50715c','89680833782'),
('59','Allene','Schuppe','esmeralda.mann@example.org','5d707c7564d2d7daf610d75cd0e54f5b4525ba51','89093378641'),
('60','Leta','Parker','mallory98@example.net','69dc7ab3771a6cdcee75fa26067de45f5d510c34','89674037949'),
('61','Sim','DuBuque','rosetta.thompson@example.com','71acb4b490742c534a9956d8aba6a4b15b2ab4ea','89131973340'),
('62','Rey','Heathcote','meta.king@example.org','838233d80b62131fdfdda168af13a91a8734fa3b','89654787519'),
('63','Elyse','Cruickshank','gussie92@example.com','5425e35e90c93ec938e6c3b103ab77c3812fcc5a','89202829509'),
('64','Jeromy','Bartoletti','schimmel.sanford@example.net','db34d39cb30101df5112088717b9a37cdbd63015','89214105511'),
('65','Shawna','Fahey','vcrooks@example.com','c08ebacddfc8dc4abab9972dddb048eed1712a0d','89771532940'),
('66','Merlin','Kuhn','rodger37@example.org','181412ff7ac091a8dd00b47be4ec10ae07e7cc9d','89578449304'),
('67','Annalise','Champlin','pouros.riley@example.org','ec2dbd8a61afc99087d22bf334a806576be07876','89611095476'),
('68','Jasper','Marvin','fkshlerin@example.org','95d8d1bc61a6f01e53eded6e3fccf7a06caccf82','89039157098'),
('69','Lawson','Gorczany','ethelyn79@example.org','bbc5382bf21c075423cf5fe0331456d01b167ca2','89979739760'),
('70','Luciano','Koch','darren61@example.com','62ef86b69edeadda4254cebf6b5145c389438c73','89366350222'),
('71','Darwin','Connelly','zachariah55@example.org','71721488252930b8a4db163683b80adf05f40659','89505411992'),
('72','Mittie','Hegmann','dubuque.emmanuelle@example.com','bf474472685fe6de5133cb1469b83e2d58abdb26','89434928951'),
('73','Isidro','Koss','zskiles@example.com','4242d31a4d94b47bc28615e001d96705b19c637f','89372382095'),
('74','Kianna','Dickens','eudora08@example.net','cd667d2e5079d23cd67e159eb155e2d7743178ac','89997648017'),
('75','Ally','Carter','jade86@example.net','3fbe13bce9440222d3f2acdaf5df720077bda6c0','89519594852'),
('76','Janae','Heathcote','derrick.bednar@example.com','6a8b60d24bb5a4059f0d3383a37308f3e785de99','89462275872'),
('77','Nova','Kub','fpacocha@example.org','120af1cd6b92e8f4a0a2f55c74e260c8f5dc4df9','89223647718'),
('78','Kale','Kozey','emard.isobel@example.net','3506b203ec874460cad823a11bfdb600ad5e9c72','89940857364'),
('79','Aleen','McGlynn','von.elmer@example.com','d54772251daddf1baa73410c70657d632f1a7838','89227250830'),
('80','Abigale','Bartell','muller.ahmad@example.com','7607536abcd1d17cfc214c2a10b84edf916d666d','89482805545'),
('81','Kieran','White','arturo35@example.org','4cc4769953467582c155d2e2dfdf24e2f8e958da','89001057718'),
('82','Kelly','Gleichner','vkuvalis@example.org','0b06561c3cadea924a56bf48699664476c38f914','89193694114'),
('83','Vernice','Block','jmcdermott@example.com','384c1757db8e3918e829e1317ee9b66658d844e7','89411579265'),
('84','Clarabelle','Schaden','kreiger.cathy@example.net','b0f77e6ef2933e92839833b6b57e51ca676f712a','89298729438'),
('85','Torrey','Schuster','roberto06@example.org','698fbc5872b76dbd8ef7d385820288024903d559','89871817670'),
('86','Ellie','Beier','shanna01@example.com','0a01d82f3fe0545450981c89d2c4dae40e23101e','89420156687'),
('87','Jamarcus','Murphy','awilliamson@example.org','54267995a29364cff994e5c1124cf8f61eb0b5ab','89362488680'),
('88','Nayeli','Feil','ottilie.wisozk@example.org','619cf545070349fb25cebc8d7d5a45bcf6123ff5','89008379463'),
('89','Alfreda','Hilll','koelpin.magnolia@example.net','57e44a6fd34a0f1628d28f692ca418cc3399acd4','89882224995'),
('90','Kaycee','Thompson','willow.nicolas@example.net','0050a064072dd7adc23c402cdf27f2424b8473fe','89437125186'),
('91','Finn','Considine','alayna.jerde@example.org','d443aafca187345e56f0280098040cc2bb3db85f','89360533664'),
('92','Consuelo','Wehner','ena.walker@example.net','ea10464a536ef42582f5619ce0c22f176e2a245d','89539702226'),
('93','Emmett','Kris','vandervort.addie@example.org','26208f17a320a64fc767883250d2c7773537ca0e','89628763908'),
('94','Sydnie','Kovacek','forrest.skiles@example.com','2efa831b7a2c0c0b14206e8c1d2d7dc96f03c47b','89781064574'),
('95','Ethan','Huel','ydietrich@example.net','d45a0b647b9f6dcbb566165fa20b07bdbb9978b1','89098103048'),
('96','Albin','Upton','dominique.johnston@example.net','a9cc9b41534336c27f8fcf37f2806baa55e99ad0','89492464043'),
('97','Shane','Mertz','ross.upton@example.net','f382eb9f195396c3a341970950ab42d85e1e3d87','89005943048'),
('98','Ora','Spencer','noemie.hoppe@example.org','ea4effeea16e8f9949a8b1bf31b2ae7a00808fc4','89621631043'),
('99','Paige','Kuvalis','toy.bella@example.org','5a79210523f09a655ae59878f52a4b91a5789ea4','89724512080'),
('100','Alta','Deckow','marcella.hane@example.net','19e9f1e8055754c703a7ff558264546b9d75fdfa','89896494634'); 


DROP TABLE IF EXISTS `users_communities`;
CREATE TABLE `users_communities` (
  `user_id` bigint(20) unsigned NOT NULL,
  `community_id` bigint(20) unsigned NOT NULL,
  PRIMARY KEY (`user_id`,`community_id`),
  KEY `community_id` (`community_id`),
  CONSTRAINT `users_communities_ibfk_1` FOREIGN KEY (`user_id`) REFERENCES `users` (`id`),
  CONSTRAINT `users_communities_ibfk_2` FOREIGN KEY (`community_id`) REFERENCES `communities` (`id`)
) ENGINE=InnoDB DEFAULT CHARSET=utf8 COLLATE=utf8_unicode_ci;

INSERT INTO `users_communities` VALUES ('1','1'),
('2','2'),
('3','3'),
('4','4'),
('5','5'),
('6','6'),
('7','7'),
('8','8'),
('9','9'),
('10','10'),
('11','1'),
('12','2'),
('13','3'),
('14','4'),
('15','5'),
('16','6'),
('17','7'),
('18','8'),
('19','9'),
('20','10'),
('21','1'),
('22','2'),
('23','3'),
('24','4'),
('25','5'),
('26','6'),
('27','7'),
('28','8'),
('29','9'),
('30','10'),
('31','1'),
('32','2'),
('33','3'),
('34','4'),
('35','5'),
('36','6'),
('37','7'),
('38','8'),
('39','9'),
('40','10'),
('41','1'),
('42','2'),
('43','3'),
('44','4'),
('45','5'),
('46','6'),
('47','7'),
('48','8'),
('49','9'),
('50','10'),
('51','1'),
('52','2'),
('53','3'),
('54','4'),
('55','5'),
('56','6'),
('57','7'),
('58','8'),
('59','9'),
('60','10'),
('61','1'),
('62','2'),
('63','3'),
('64','4'),
('65','5'),
('66','6'),
('67','7'),
('68','8'),
('69','9'),
('70','10'),
('71','1'),
('72','2'),
('73','3'),
('74','4'),
('75','5'),
('76','6'),
('77','7'),
('78','8'),
('79','9'),
('80','10'),
('81','1'),
('82','2'),
('83','3'),
('84','4'),
('85','5'),
('86','6'),
('87','7'),
('88','8'),
('89','9'),
('90','10'),
('91','1'),
('92','2'),
('93','3'),
('94','4'),
('95','5'),
('96','6'),
('97','7'),
('98','8'),
('99','9'),
('100','10'); 



/*!40101 SET SQL_MODE=@OLD_SQL_MODE */
/*!40014 SET FOREIGN_KEY_CHECKS=@OLD_FOREIGN_KEY_CHECKS */
/*!40014 SET UNIQUE_CHECKS=@OLD_UNIQUE_CHECKS */
/*!40101 SET CHARACTER_SET_CLIENT=@OLD_CHARACTER_SET_CLIENT */
/*!40101 SET CHARACTER_SET_RESULTS=@OLD_CHARACTER_SET_RESULTS */
/*!40101 SET COLLATION_CONNECTION=@OLD_COLLATION_CONNECTION */
/*!40111 SET SQL_NOTES=@OLD_SQL_NOTES */




-- Задание ii. Написать скрипт, возвращающий список имен (только firstname) пользователей без повторений в алфавитном порядке

SELECT firstname FROM users GROUP BY firstname;

-- Задание iii. Написать скрипт, отмечающий несовершеннолетних пользователей как неактивных (поле is_active = false). Предварительно добавить такое поле в таблицу profiles со значением по умолчанию = true (или 1)

SELECT user_id, birthday, is_active, year(curdate())-year(birthday) AS age
FROM profiles
WHERE date_add(birthday, INTERVAL 18 YEAR) > curdate();


-- Задание iv. Написать скрипт, удаляющий сообщения «из будущего» (дата больше сегодняшней)

DELETE FROM messages
WHERE created_at > curdate();

-- Задание v. Написать название темы курсового проекта (в комментарии)

-- КУРСОВАЯ ТЕМА: "Библиотека для ВУЗа"


	-- EOF
